"segment","quota","best_asset_to_pitch","primary_pitch_angle","sample_utm_url","qualification_notes","reject_if"
"Finance bloggers and personal finance sites","150","AIS/Form 26AS mismatch checklist","A practical checklist for readers whose TDS, AIS, or refund numbers do not match before filing","https://myeca.in/itr-season-2026/ais-form-26as-mismatch-checklist?utm_campaign=itr-season-2026&utm_medium=outreach&utm_content=ais-form-26as-mismatch-checklist","Prioritise sites with current tax explainers, author bios, and real audience comments","Generic guest-post farms, paid dofollow demands, unrelated finance coupon pages"
"Tax journalists, business reporters, and finance editors","75","ITR deadline and refund-status tracker","A seasonal workflow for filing readiness, e-verification, refund status, and revised-return decisions","https://myeca.in/itr-season-2026/itr-deadline-refund-status-tracker?utm_campaign=itr-season-2026&utm_medium=pr&utm_content=itr-deadline-refund-status-tracker","Pitch concise expert quote ideas tied to a current reader problem","Requests for unsupported refund claims or unreviewed statistics"
"HR, payroll, employee-benefit, and salary communities","125","Form 16 parser guide","A free pre-filing workflow employees can use before choosing the right ITR form","https://myeca.in/itr-season-2026/form-16-parser-guide?utm_campaign=itr-season-2026&utm_medium=partner&utm_content=form-16-parser-guide","Prioritise HR teams with salary, Form 16, or employee tax-help resources","Bulk email blasts without consent, forced exact-match anchor text"
"Colleges, student finance clubs, and placement cells","100","AY 2026-27 ITR season hub","Starter resource for first-time taxpayers, interns, and early-career salaried users","https://myeca.in/itr-season-2026?utm_campaign=itr-season-2026&utm_medium=community&utm_content=itr-season-hub","Prioritise active finance clubs, placement newsletters, and career-readiness pages","Inactive clubs, scraped email lists, unrelated campus directories"
"Startup, freelancer, and creator communities","125","ITR deadline and refund-status tracker","A filing-readiness workflow for self-employed users who need to organise income, TDS, and bank validation","https://myeca.in/itr-season-2026/itr-deadline-refund-status-tracker?utm_campaign=itr-season-2026&utm_medium=community&utm_content=itr-deadline-refund-status-tracker","Look for communities discussing invoices, TDS, advance tax, or refund status","Spam groups, unrelated business directories, guaranteed-tax-saving angles"
"CA, CS, finance student, and accounting communities","100","Capital gains broker statement checklist","A checklist for preparing broker statements and reducing back-and-forth before expert review","https://myeca.in/itr-season-2026/capital-gains-broker-statement-checklist?utm_campaign=itr-season-2026&utm_medium=community&utm_content=capital-gains-broker-statement-checklist","Pitch as an educational checklist, not a replacement for professional judgement","Communities requiring promotional-only posts or manipulated anchors"
"Newsletter writers and LinkedIn finance creators","100","Form 16 parser guide","Timely employee-friendly workflow for Form 16 season with a practical tool link","https://myeca.in/form16-parser?utm_campaign=itr-season-2026&utm_medium=newsletter&utm_content=form-16-parser-guide","Prioritise creators who already publish tax explainers and disclose sponsorships","Paid dofollow-only placements, exaggerated outcome claims"
"Resource pages, calculator lists, and tax guide roundups","100","Income tax calculator and regime comparator","Useful tools for old-vs-new-regime and filing-readiness pages","https://myeca.in/calculators/regime-comparator?utm_campaign=itr-season-2026&utm_medium=outreach&utm_content=regime-comparator","Check that the page is indexed, maintained, and topically relevant","Low-quality directories, automated submission pages, irrelevant roundups"
"Partner/referral prospects already known to MyeCA","25","AY 2026-27 ITR season hub","Partner-ready hub with clear routes into tools, filing selector, and expert consultation","https://myeca.in/itr-season-2026?utm_campaign=itr-season-2026&utm_medium=partner&utm_content=itr-season-hub","Use relationship context and make co-branded copy optional","Partners asking for undisclosed paid links or refund guarantees"
